ATM_id,loc_latitude,loc_longitude,city,country
0,6.538066170238376,3.5136768716887987,Lagos,Nigeria
1,6.298337893411615,7.408054291793164,Udi,Nigeria
