ATM_id,loc_latitude,loc_longitude,city,country
0,4.640793905780024,7.247723898856295,Gokana,Nigeria
1,6.418529801094644,3.5139729724221636,Lagos,Nigeria
