ATM_id,loc_latitude,loc_longitude,city,country
0,10.873981,9.253135,Kano,Nigeria
1,6.298785,6.956371,Enugu,Nigeria
2,6.436893,3.465739,Lagos,Nigeria
3,6.412521,3.482414,Lagos,Nigeria
4,6.298897,3.247619,Lagos,Nigeria
5,6.308971,3.412901,Lagos,Nigeria
6,9.030543,7.55805,Abuja,Nigeria
7,11.118372,7.781067,Kano,Nigeria
8,6.601047,3.345905,Lagos,Nigeria
9,9.131678,7.519986,Abuja,Nigeria
