test,approach,tfft,totaltime,comp
dp,1-core,8.67024278641,22.69034981728,20
dp,2-core,3.27024278641,9.99034981728,20
dp,4-core,3.67024278641,6.49034981728,20